FName,LName,full_name,ExtraData,AthleteURL
MEJDI,SCHALCK,MEJDI SCHALCK,FRA • 2004,https://ifsc.results.info/#/athlete/11675
HANNES,VAN DUYSEN,HANNES VAN DUYSEN,BEL • 2004,https://ifsc.results.info/#/athlete/373
PAUL,JENFT,PAUL JENFT,FRA • 2003,https://ifsc.results.info/#/athlete/547
KOKORO,FUJII,KOKORO FUJII,JPN • 1992,https://ifsc.results.info/#/athlete/2272
SORATO,ANRAKU,SORATO ANRAKU,JPN • 2006,https://ifsc.results.info/#/athlete/13040
JONGWON,CHON,JONGWON CHON,KOR • 1996,https://ifsc.results.info/#/athlete/2052
DOHYUN,LEE,DOHYUN LEE,KOR • 2002,https://ifsc.results.info/#/athlete/2101
MEICHI,NARASAKI,MEICHI NARASAKI,JPN • 1999,https://ifsc.results.info/#/athlete/2307
EDVARDS,GRUZITIS,EDVARDS GRUZITIS,LAT • 2004,https://ifsc.results.info/#/athlete/4168
TOMOA,NARASAKI,TOMOA NARASAKI,JPN • 1996,https://ifsc.results.info/#/athlete/2276
YANNICK,FLOHÉ,YANNICK FLOHÉ,GER • 1999,https://ifsc.results.info/#/athlete/3131
LEO,AVEZOU,LEO AVEZOU,FRA • 1999,https://ifsc.results.info/#/athlete/505
YOSHIYUKI,OGATA,YOSHIYUKI OGATA,JPN • 1998,https://ifsc.results.info/#/athlete/2309
MATHIEU,TERNANT,MATHIEU TERNANT,FRA • 1996,https://ifsc.results.info/#/athlete/11535
MICKAEL,MAWEM,MICKAEL MAWEM,FRA • 1990,https://ifsc.results.info/#/athlete/523
YUJI,INOUE,YUJI INOUE,JPN • 1995,https://ifsc.results.info/#/athlete/2348
RITSU,KAYOTANI,RITSU KAYOTANI,JPN • 2006,https://ifsc.results.info/#/athlete/13987
NICOLAI,UZNIK,NICOLAI UZNIK,AUT • 2000,https://ifsc.results.info/#/athlete/1256
ANZE,PEHARC,ANZE PEHARC,SLO • 1997,https://ifsc.results.info/#/athlete/1138
JAMES,POPE,JAMES POPE,GBR • 1998,https://ifsc.results.info/#/athlete/649
DAIKI,SANO,DAIKI SANO,JPN • 2003,https://ifsc.results.info/#/athlete/14314
STEFAN,SCHERZ,STEFAN SCHERZ,AUT • 2001,https://ifsc.results.info/#/athlete/1274
SAM,AVEZOU,SAM AVEZOU,FRA • 2001,https://ifsc.results.info/#/athlete/532
TOMOAKI,TAKATA,TOMOAKI TAKATA,JPN • 1995,https://ifsc.results.info/#/athlete/2291
MAXIMILLIAN,MILNE,MAXIMILLIAN MILNE,GBR • 2000,https://ifsc.results.info/#/athlete/688
TOBY,ROBERTS,TOBY ROBERTS,GBR • 2005,https://ifsc.results.info/#/athlete/11490
COLIN,DUFFY,COLIN DUFFY,USA • 2003,https://ifsc.results.info/#/athlete/1929
JAKOB,SCHUBERT,JAKOB SCHUBERT,AUT • 1990,https://ifsc.results.info/#/athlete/1214
SUNGSU,LEE,SUNGSU LEE,KOR • 1999,https://ifsc.results.info/#/athlete/2072
HANNES,PUMAN,HANNES PUMAN,SWE • 1997,https://ifsc.results.info/#/athlete/2667
HUGO,HOYER,HUGO HOYER,USA • 2007,https://ifsc.results.info/#/athlete/13030
ALEX,KHAZANOV,ALEX KHAZANOV,ISR • 1995,https://ifsc.results.info/#/athlete/3983
MAX,KLEESATTEL,MAX KLEESATTEL,GER • 1998,https://ifsc.results.info/#/athlete/3127
SIMON,LORENZI,SIMON LORENZI,BEL • 1997,https://ifsc.results.info/#/athlete/318
NICOLAS,COLLIN,NICOLAS COLLIN,BEL • 1998,https://ifsc.results.info/#/athlete/320
JUNTA,SEKIGUCHI,JUNTA SEKIGUCHI,JPN • 2004,https://ifsc.results.info/#/athlete/11846
ZAN,LOVENJAK SUDAR,ZAN LOVENJAK SUDAR,SLO • 1998,https://ifsc.results.info/#/athlete/1149
NIMROD,MARCUS,NIMROD MARCUS,ISR • 1999,https://ifsc.results.info/#/athlete/3998
SEAN,BAILEY,SEAN BAILEY,USA • 1996,https://ifsc.results.info/#/athlete/1741
HAMISH,MCARTHUR,HAMISH MCARTHUR,GBR • 2002,https://ifsc.results.info/#/athlete/696
JERNEJ,KRUDER,JERNEJ KRUDER,SLO • 1990,https://ifsc.results.info/#/athlete/1124
MICHAEL,PICCOLRUAZ,MICHAEL PICCOLRUAZ,ITA • 1995,https://ifsc.results.info/#/athlete/857
KATSURA,KONISHI,KATSURA KONISHI,JPN • 2001,https://ifsc.results.info/#/athlete/2335
RAM,LEVIN,RAM LEVIN,ISR • 1998,https://ifsc.results.info/#/athlete/3991
MANUEL,CORNU,MANUEL CORNU,FRA • 1993,https://ifsc.results.info/#/athlete/490
REI,SUGIMOTO,REI SUGIMOTO,JPN • 1991,https://ifsc.results.info/#/athlete/2257
DILLON,COUNTRYMAN,DILLON COUNTRYMAN,USA • 2006,https://ifsc.results.info/#/athlete/13029
GEVA,LEVIN,GEVA LEVIN,ISR • 2003,https://ifsc.results.info/#/athlete/4019
OSCAR,BAUDRAND,OSCAR BAUDRAND,CAN • 2005,https://ifsc.results.info/#/athlete/11847
SLAV,KIROV,SLAV KIROV,BUL • 2005,https://ifsc.results.info/#/athlete/11500
ELIAS,ARRIAGADA KRÜGER,ELIAS ARRIAGADA KRÜGER,GER • 2000,https://ifsc.results.info/#/athlete/11525
JAN-LUCA,POSCH,JAN-LUCA POSCH,AUT • 1998,https://ifsc.results.info/#/athlete/1245
ALBERTO,GINÉS LÓPEZ,ALBERTO GINÉS LÓPEZ,ESP • 2002,https://ifsc.results.info/#/athlete/811
LUKE,GOH WEN BIN,LUKE GOH WEN BIN,SGP • 2002,https://ifsc.results.info/#/athlete/3665
KA-CHUN,YAU,KA-CHUN YAU,HKG • 1992,https://ifsc.results.info/#/athlete/2214
ZACH,GALLA,ZACH GALLA,USA • 2000,https://ifsc.results.info/#/athlete/1926
VICTOR,BAUDRAND,VICTOR BAUDRAND,CAN • 2003,https://ifsc.results.info/#/athlete/1644
DYLAN,PARKS,DYLAN PARKS,AUS • 2006,https://ifsc.results.info/#/athlete/13853
NILS,FAVRE,NILS FAVRE,SUI • 1991,https://ifsc.results.info/#/athlete/4306
AXEL,LINDFORS,AXEL LINDFORS,FIN • 1991,https://ifsc.results.info/#/athlete/12459
JESSE,GRUPPER,JESSE GRUPPER,USA • 1997,https://ifsc.results.info/#/athlete/1749
ARDCH,INTRACHUPONGSE,ARDCH INTRACHUPONGSE,THA • 2004,https://ifsc.results.info/#/athlete/13627
NATHAN,MARTIN,NATHAN MARTIN,LUX • 2001,https://ifsc.results.info/#/athlete/531
YUFEI,PAN,YUFEI PAN,CHN • 2000,https://ifsc.results.info/#/athlete/2947
SASCHA,LEHMANN,SASCHA LEHMANN,SUI • 1998,https://ifsc.results.info/#/athlete/4299
LUKA,POTOCAR,LUKA POTOCAR,SLO • 2001,https://ifsc.results.info/#/athlete/1170
FILIP,SCHENK,FILIP SCHENK,ITA • 2000,https://ifsc.results.info/#/athlete/912
THILO JELDRIK,SCHRÖTER,THILO JELDRIK SCHRÖTER,NOR • 1996,https://ifsc.results.info/#/athlete/3061
HOSSEIN,FAMILROHANI,HOSSEIN FAMILROHANI,IRI • 1992,https://ifsc.results.info/#/athlete/3511
FELIPE,HO FOGANHOLO,FELIPE HO FOGANHOLO,BRA • 1999,https://ifsc.results.info/#/athlete/3141
CHEUNG-CHI SHOJI,CHAN,CHEUNG-CHI SHOJI CHAN,HKG • 1995,https://ifsc.results.info/#/athlete/2218
JINBIN,HUANG,JINBIN HUANG,CHN • 2005,https://ifsc.results.info/#/athlete/13594
ANTON YOUNG HONG,NIELSEN,ANTON YOUNG HONG NIELSEN,DEN • 2000,https://ifsc.results.info/#/athlete/3861
CHRISTIAN,WAGNER,CHRISTIAN WAGNER,CHI • 2002,https://ifsc.results.info/#/athlete/11837
THEIS LINDEGREN,ELFENBEIN,THEIS LINDEGREN ELFENBEIN,DEN • 1997,https://ifsc.results.info/#/athlete/3854
NIKOLAY,RUSEV,NIKOLAY RUSEV,BUL • 2006,https://ifsc.results.info/#/athlete/12329
RODRIGO,IASI HANADA,RODRIGO IASI HANADA,BRA • 2002,https://ifsc.results.info/#/athlete/12903
WAN TONG,LOK,WAN TONG LOK,MAC • 1992,https://ifsc.results.info/#/athlete/4437
CHINGKHEINGANBA,MAIBAM,CHINGKHEINGANBA MAIBAM,IND • 2002,https://ifsc.results.info/#/athlete/2649
GUY,MCNAMEE,GUY MCNAMEE,CAN • 2002,https://ifsc.results.info/#/athlete/1646
JAKUB,ZIETEK,JAKUB ZIETEK,POL • 2002,https://ifsc.results.info/#/athlete/2894
CIARÁN,SCANLON,CIARÁN SCANLON,IRL • 1995,https://ifsc.results.info/#/athlete/2591
LOKESH,RANJAN,LOKESH RANJAN,IND • 1998,https://ifsc.results.info/#/athlete/2632
SHINYEONG,YUN,SHINYEONG YUN,KOR • 1995,https://ifsc.results.info/#/athlete/2061
DAYAN,AKHTAR,DAYAN AKHTAR,GBR • 2003,https://ifsc.results.info/#/athlete/12239
LIAM,HEALY,LIAM HEALY,AUS • 1997,https://ifsc.results.info/#/athlete/2535
DIEGO,LEQUERICA BUSCAGLIA,DIEGO LEQUERICA BUSCAGLIA,PER • 1995,https://ifsc.results.info/#/athlete/4397
MARK,SCANLON,MARK SCANLON,IRL • 1999,https://ifsc.results.info/#/athlete/2601
IMAN,MORA,IMAN MORA,PHI • 1989,https://ifsc.results.info/#/athlete/3830
YING-CHIEH,WEN,YING-CHIEH WEN,TPE • 1995,https://ifsc.results.info/#/athlete/10868
JOHN JOSEPH,VELORIA,JOHN JOSEPH VELORIA,PHI • 1992,https://ifsc.results.info/#/athlete/3834
BROOKE,RABOUTOU,BROOKE RABOUTOU,USA • 2001,https://ifsc.results.info/#/athlete/1811
HANNAH,MEUL,HANNAH MEUL,GER • 2001,https://ifsc.results.info/#/athlete/3113
ANON,MATSUFUJI,ANON MATSUFUJI,JPN • 2003,https://ifsc.results.info/#/athlete/12297
AYALA,KEREM,AYALA KEREM,ISR • 2001,https://ifsc.results.info/#/athlete/4017
ZHILU,LUO,ZHILU LUO,CHN • 2006,https://ifsc.results.info/#/athlete/13596
MIA,KRAMPL,MIA KRAMPL,SLO • 2000,https://ifsc.results.info/#/athlete/1161
NOA,SHIRAN,NOA SHIRAN,ISR • 2001,https://ifsc.results.info/#/athlete/4002
NATALIA,GROSSMAN,NATALIA GROSSMAN,USA • 2001,https://ifsc.results.info/#/athlete/1803
AI,MORI,AI MORI,JPN • 2003,https://ifsc.results.info/#/athlete/2380
JESSICA,PILZ,JESSICA PILZ,AUT • 1996,https://ifsc.results.info/#/athlete/1226
MIHO,NONAKA,MIHO NONAKA,JPN • 1997,https://ifsc.results.info/#/athlete/2294
SOFYA,YOKOYAMA,SOFYA YOKOYAMA,SUI • 1998,https://ifsc.results.info/#/athlete/4260
FUTABA,ITO,FUTABA ITO,JPN • 2002,https://ifsc.results.info/#/athlete/2357
NONOHA,KUME,NONOHA KUME,JPN • 2003,https://ifsc.results.info/#/athlete/13041
CHAEHYUN,SEO,CHAEHYUN SEO,KOR • 2003,https://ifsc.results.info/#/athlete/2080
MELODY,SEKIKAWA,MELODY SEKIKAWA,JPN • 2007,https://ifsc.results.info/#/athlete/14008
LUCIA,DÖRFFEL,LUCIA DÖRFFEL,GER • 2000,https://ifsc.results.info/#/athlete/4330
CAMILLA,MORONI,CAMILLA MORONI,ITA • 2001,https://ifsc.results.info/#/athlete/947
SELMA,ELHADJ MIMOUNE,SELMA ELHADJ MIMOUNE,FRA • 2004,https://ifsc.results.info/#/athlete/12451
RYU,NAKAGAWA,RYU NAKAGAWA,JPN • 2004,https://ifsc.results.info/#/athlete/11783
MASHIRO,KUZUU,MASHIRO KUZUU,JPN • 2004,https://ifsc.results.info/#/athlete/13992
SARA,COPAR,SARA COPAR,SLO • 2005,https://ifsc.results.info/#/athlete/11546
AGATHE,CALLIET,AGATHE CALLIET,FRA • 2003,https://ifsc.results.info/#/athlete/11653
IEVGENIIA,KAZBEKOVA,IEVGENIIA KAZBEKOVA,UKR • 1996,https://ifsc.results.info/#/athlete/1486
MIA,AOYAGI,MIA AOYAGI,JPN • 2003,https://ifsc.results.info/#/athlete/13321
GIORGIA,TESIO,GIORGIA TESIO,ITA • 2000,https://ifsc.results.info/#/athlete/914
STASA,GEJO,STASA GEJO,SRB • 1997,https://ifsc.results.info/#/athlete/3840
SERIKA,OKAWACHI,SERIKA OKAWACHI,JPN • 1998,https://ifsc.results.info/#/athlete/2349
ZÉLIA,AVEZOU,ZÉLIA AVEZOU,FRA • 2004,https://ifsc.results.info/#/athlete/620
CHLOE,CAULIER,CHLOE CAULIER,BEL • 1996,https://ifsc.results.info/#/athlete/316
ORIANE,BERTONE,ORIANE BERTONE,FRA • 2005,https://ifsc.results.info/#/athlete/11462
KATJA,DEBEVEC,KATJA DEBEVEC,SLO • 1995,https://ifsc.results.info/#/athlete/1130
KYRA,CONDIE,KYRA CONDIE,USA • 1996,https://ifsc.results.info/#/athlete/1750
PETRA,KLINGLER,PETRA KLINGLER,SUI • 1992,https://ifsc.results.info/#/athlete/3246
FANNY,GIBERT,FANNY GIBERT,FRA • 1993,https://ifsc.results.info/#/athlete/469
OCEANIA,MACKENZIE,OCEANIA MACKENZIE,AUS • 2002,https://ifsc.results.info/#/athlete/2501
NANAKO,KURA,NANAKO KURA,JPN • 2000,https://ifsc.results.info/#/athlete/2343
ANASTASIA,SANDERS,ANASTASIA SANDERS,USA • 2007,https://ifsc.results.info/#/athlete/13021
LAURA,ROGORA,LAURA ROGORA,ITA • 2001,https://ifsc.results.info/#/athlete/928
YEJOO,SEO,YEJOO SEO,KOR • 2006,https://ifsc.results.info/#/athlete/13558
ALANNAH,YIP,ALANNAH YIP,CAN • 1993,https://ifsc.results.info/#/athlete/1565
JOHANNA,FÄRBER,JOHANNA FÄRBER,AUT • 1998,https://ifsc.results.info/#/athlete/1243
MADISON,FISCHER,MADISON FISCHER,CAN • 2001,https://ifsc.results.info/#/athlete/1629
SOL,SA,SOL SA,KOR • 1994,https://ifsc.results.info/#/athlete/2047
ERIN,MCNEICE,ERIN MCNEICE,GBR • 2004,https://ifsc.results.info/#/athlete/11468
YAEL,TAUB,YAEL TAUB,ISR • 1996,https://ifsc.results.info/#/athlete/3986
FRANZISKA,STERRER,FRANZISKA STERRER,AUT • 1998,https://ifsc.results.info/#/athlete/1240
ROXANA,WIENAND,ROXANA WIENAND,GER • 2000,https://ifsc.results.info/#/athlete/4320
CLOE,COSCOY,CLOE COSCOY,USA • 2001,https://ifsc.results.info/#/athlete/11813
KYLIE,CULLEN,KYLIE CULLEN,USA • 2004,https://ifsc.results.info/#/athlete/12537
ZOE,PEETERMANS,ZOE PEETERMANS,GBR • 2001,https://ifsc.results.info/#/athlete/739
HONGCHUN,XIANG,HONGCHUN XIANG,CHN • 1998,https://ifsc.results.info/#/athlete/7164
LIV,EGLI,LIV EGLI,SUI • 2003,https://ifsc.results.info/#/athlete/3881
HUNG YING,LEE,HUNG YING LEE,TPE • 1985,https://ifsc.results.info/#/athlete/2139
JENNIFER,WOOD,JENNIFER WOOD,GBR • 1994,https://ifsc.results.info/#/athlete/653
ELISKA,ADAMOVSKA,ELISKA ADAMOVSKA,CZE • 2001,https://ifsc.results.info/#/athlete/1400
INDIANA,CHAPMAN,INDIANA CHAPMAN,CAN • 2003,https://ifsc.results.info/#/athlete/1650
ANDREA,KÜMIN,ANDREA KÜMIN,SUI • 1997,https://ifsc.results.info/#/athlete/3254
REGINE,STORÅ,REGINE STORÅ,NOR • 2001,https://ifsc.results.info/#/athlete/11479
YUETONG,ZHANG,YUETONG ZHANG,CHN • 2003,https://ifsc.results.info/#/athlete/3009
GAYEONG,OH,GAYEONG OH,KOR • 2006,https://ifsc.results.info/#/athlete/13556
ALEKSANDRA,TOTKOVA,ALEKSANDRA TOTKOVA,BUL • 2005,https://ifsc.results.info/#/athlete/11464
BIANKA,JANECKA,BIANKA JANECKA,POL • 2003,https://ifsc.results.info/#/athlete/2908
BABETTE,ROY,BABETTE ROY,CAN • 2002,https://ifsc.results.info/#/athlete/1649
MAYA,STASIUK,MAYA STASIUK,AUS • 2007,https://ifsc.results.info/#/athlete/13857
MICHAELA,SMETANOVA,MICHAELA SMETANOVA,CZE • 2003,https://ifsc.results.info/#/athlete/1438
PRATEEKSHA,ARUN,PRATEEKSHA ARUN,IND • 1998,https://ifsc.results.info/#/athlete/2651
ANJA,KÖHLER,ANJA KÖHLER,BRA • 2004,https://ifsc.results.info/#/athlete/3204
ANNA,LECHNER,ANNA LECHNER,GER • 2003,https://ifsc.results.info/#/athlete/2021
LIANA NICOLE,MORA,LIANA NICOLE MORA,PHI • 1990,https://ifsc.results.info/#/athlete/3832
INGRID,KINDLIHAGEN,INGRID KINDLIHAGEN,NOR • 2002,https://ifsc.results.info/#/athlete/3086
EMILY,SCOTT,EMILY SCOTT,AUS • 2006,https://ifsc.results.info/#/athlete/13510
BIANCA,MAGALHAES DE CASTRO,BIANCA MAGALHAES DE CASTRO,BRA • 1988,https://ifsc.results.info/#/athlete/11614
ELIZABETH,SEPULVEDA,ELIZABETH SEPULVEDA,USA,https://ifsc.results.info/#/athlete/7166
LAURA,LOIKAS,LAURA LOIKAS,FIN • 2002,https://ifsc.results.info/#/athlete/2811
TING-CHEN,YAO,TING-CHEN YAO,TPE • 2001,https://ifsc.results.info/#/athlete/2160
YUNCHAN,SONG,YUNCHAN SONG,KOR • 2007,https://ifsc.results.info/#/athlete/14018
CHRISTOPHER,COSSER,CHRISTOPHER COSSER,RSA • 2000,https://ifsc.results.info/#/athlete/1058
LASSE,VON FREIER,LASSE VON FREIER,GER • 2002,https://ifsc.results.info/#/athlete/3778
MICHAEL,O'NEILL,MICHAEL O'NEILL,IRL • 2000,https://ifsc.results.info/#/athlete/2597
HANWOOL,KIM,HANWOOL KIM,KOR • 1995,https://ifsc.results.info/#/athlete/2041
HONG IL,KIM,HONG IL KIM,KOR • 1994,https://ifsc.results.info/#/athlete/2045
CHIA HSIANG,LIN,CHIA HSIANG LIN,TPE • 1998,https://ifsc.results.info/#/athlete/2146
CHEUK-HEI,HO,CHEUK-HEI HO,HKG • 1998,https://ifsc.results.info/#/athlete/2219
MINYOUNG,LEE,MINYOUNG LEE,KOR • 1999,https://ifsc.results.info/#/athlete/2057
MINSUNG,HAN,MINSUNG HAN,KOR • 2001,https://ifsc.results.info/#/athlete/13553
ROSS,FULKERSON,ROSS FULKERSON,USA • 2001,https://ifsc.results.info/#/athlete/1871
JAIN,KIM,JAIN KIM,KOR • 1988,https://ifsc.results.info/#/athlete/2035
EUGENIE,LEE,EUGENIE LEE,GBR • 2000,https://ifsc.results.info/#/athlete/676
GAYEON,CHO,GAYEON CHO,KOR • 2002,https://ifsc.results.info/#/athlete/2081
CHAEYEONG,KIM,CHAEYEONG KIM,KOR • 2007,https://ifsc.results.info/#/athlete/14031
SEUNGHYUN,KIM,SEUNGHYUN KIM,KOR • 1999,https://ifsc.results.info/#/athlete/2059
NATALIE,GOH SIHUI,NATALIE GOH SIHUI,SGP • 2007,https://ifsc.results.info/#/athlete/13815
IRIS,HEIKKINEN,IRIS HEIKKINEN,FIN • 2006,https://ifsc.results.info/#/athlete/13902
TSENG-SHUN,WONG,TSENG-SHUN WONG,HKG • 2001,https://ifsc.results.info/#/athlete/2229
DASOM,YUN,DASOM YUN,KOR • 2005,https://ifsc.results.info/#/athlete/11805
WAI-MUI,LING,WAI-MUI LING,HKG • 2001,https://ifsc.results.info/#/athlete/2235
ZANDER,WALLER,ZANDER WALLER,USA • 2003,https://ifsc.results.info/#/athlete/1934
AO,YURIKUSA,AO YURIKUSA,JPN • 2002,https://ifsc.results.info/#/athlete/11832
YANNICK,NAGEL,YANNICK NAGEL,GER • 2005,https://ifsc.results.info/#/athlete/12335
ELLIS,ERNSBERGER,ELLIS ERNSBERGER,USA • 2003,https://ifsc.results.info/#/athlete/2004
NATHANIEL,COLEMAN,NATHANIEL COLEMAN,USA • 1997,https://ifsc.results.info/#/athlete/1778
JACK,MACDOUGALL,JACK MACDOUGALL,GBR • 2005,https://ifsc.results.info/#/athlete/11502
ROLANDS,RUGENS,ROLANDS RUGENS,LAT • 1992,https://ifsc.results.info/#/athlete/4150
MATEUS,RODRIGUES BELLOTTO,MATEUS RODRIGUES BELLOTTO,BRA • 2003,https://ifsc.results.info/#/athlete/11836
SAMUEL,HEALY,SAMUEL HEALY,AUS • 1997,https://ifsc.results.info/#/athlete/14139
MARCELLO,BOMBARDI,MARCELLO BOMBARDI,ITA • 1993,https://ifsc.results.info/#/athlete/854
JAIR OCTAVIO,MORENO MONTOYA,JAIR OCTAVIO MORENO MONTOYA,MEX • 2003,https://ifsc.results.info/#/athlete/11842
SEAN,MCCOLL,SEAN MCCOLL,CAN • 1987,https://ifsc.results.info/#/athlete/1559
THOR,VILLEGAS GARCÍA,THOR VILLEGAS GARCÍA,MEX • 2001,https://ifsc.results.info/#/athlete/4207
WILLIAM,FLORES,WILLIAM FLORES,PUR • 1997,https://ifsc.results.info/#/athlete/14566
GREGOR,VEZONIK,GREGOR VEZONIK,SLO • 1995,https://ifsc.results.info/#/athlete/1131
HÉLÈNE,JANICOT,HÉLÈNE JANICOT,FRA • 1993,https://ifsc.results.info/#/athlete/455
HANA,KOIKE,HANA KOIKE,JPN • 2005,https://ifsc.results.info/#/athlete/11784
VALENTINA,AGUADO,VALENTINA AGUADO,ARG • 2001,https://ifsc.results.info/#/athlete/3161
LUCIJA,TARKUS,LUCIJA TARKUS,SLO • 2003,https://ifsc.results.info/#/athlete/1181
HOLLY,TOOTHILL,HOLLY TOOTHILL,GBR • 2001,https://ifsc.results.info/#/athlete/694
AFRA,HÖNIG,AFRA HÖNIG,GER • 1995,https://ifsc.results.info/#/athlete/3354
MOLLY,THOMPSON-SMITH,MOLLY THOMPSON-SMITH,GBR • 1997,https://ifsc.results.info/#/athlete/642
LEONIE,LOCHNER,LEONIE LOCHNER,GER • 2000,https://ifsc.results.info/#/athlete/2018
ADRIENE AKIKO,CLARK,ADRIENE AKIKO CLARK,USA • 2004,https://ifsc.results.info/#/athlete/13020
MANON,HILY,MANON HILY,FRA • 1994,https://ifsc.results.info/#/athlete/462
MIRA,CAPICCHIONI,MIRA CAPICCHIONI,USA • 2005,https://ifsc.results.info/#/athlete/11790
JULIJA,KRUDER,JULIJA KRUDER,SLO • 1997,https://ifsc.results.info/#/athlete/1137
SANDRA,LETTNER,SANDRA LETTNER,AUT • 2001,https://ifsc.results.info/#/athlete/1270
ARANTZA,LUNA VELASCO,ARANTZA LUNA VELASCO,MEX • 2001,https://ifsc.results.info/#/athlete/4206
QUINN,MASON,QUINN MASON,USA • 2003,https://ifsc.results.info/#/athlete/1914
REBECCA,FRANGOS,REBECCA FRANGOS,CAN • 1997,https://ifsc.results.info/#/athlete/1577
MARKETA,JANOSOVA,MARKETA JANOSOVA,CZE • 2004,https://ifsc.results.info/#/athlete/1453
MARIANA,HANGGI CORREIA,MARIANA HANGGI CORREIA,BRA • 2006,https://ifsc.results.info/#/athlete/12902
ZOE,BITTERS,ZOE BITTERS,USA • 2002,https://ifsc.results.info/#/athlete/14556
MARTINA,CASTRO,MARTINA CASTRO,CHI • 2005,https://ifsc.results.info/#/athlete/13971
MARÍA FERNANDA,HIDALGO AMEZQUITA,MARÍA FERNANDA HIDALGO AMEZQUITA,MEX • 2001,https://ifsc.results.info/#/athlete/4220
LAURA,FARHAT DE ARAUJO FRAGA TIMO,LAURA FARHAT DE ARAUJO FRAGA TIMO,BRA • 2007,https://ifsc.results.info/#/athlete/12901
ZOE,GARCIA MOLINA,ZOE GARCIA MOLINA,ARG • 2004,https://ifsc.results.info/#/athlete/11998
SOFIA ALEJANDRA,HERRERA VEGA CENTENO,SOFIA ALEJANDRA HERRERA VEGA CENTENO,PER • 1995,https://ifsc.results.info/#/athlete/11650
ADAM,ONDRA,ADAM ONDRA,CZE • 1993,https://ifsc.results.info/#/athlete/1364
ALEXANDER,MEGOS,ALEXANDER MEGOS,GER • 1993,https://ifsc.results.info/#/athlete/2574
GABRIELE,MORONI,GABRIELE MORONI,ITA • 1987,https://ifsc.results.info/#/athlete/849
ARTHUR,LE BRIS,ARTHUR LE BRIS,FRA • 2002,https://ifsc.results.info/#/athlete/12509
JULIEN,CLÉMENCE,JULIEN CLÉMENCE,SUI • 2001,https://ifsc.results.info/#/athlete/4283
ENEKO,CARRETERO CRUZ,ENEKO CARRETERO CRUZ,ESP • 2001,https://ifsc.results.info/#/athlete/818
CHI-FUNG,AU,CHI-FUNG AU,HKG • 1995,https://ifsc.results.info/#/athlete/2217
GUILLERMO,PEINADO FRANGANILLO,GUILLERMO PEINADO FRANGANILLO,ESP • 2005,https://ifsc.results.info/#/athlete/13316
AIDEN,YANEV,AIDEN YANEV,AUS • 2003,https://ifsc.results.info/#/athlete/2567
PAUL,BRAND,PAUL BRAND,NED • 2003,https://ifsc.results.info/#/athlete/3607
FREDRIK,SERLACHIUS,FREDRIK SERLACHIUS,SWE • 1998,https://ifsc.results.info/#/athlete/2670
MARTIN,STRANIK,MARTIN STRANIK,CZE • 1990,https://ifsc.results.info/#/athlete/1361
MAXIM,PARE,MAXIM PARE,AUS • 2003,https://ifsc.results.info/#/athlete/2565
PETER,KURIC,PETER KURIC,SVK • 2001,https://ifsc.results.info/#/athlete/2767
KINDAR,MCNAMEE,KINDAR MCNAMEE,CAN • 2002,https://ifsc.results.info/#/athlete/1647
TUUKKA,SIMONEN,TUUKKA SIMONEN,FIN • 2002,https://ifsc.results.info/#/athlete/12460
STEPAN,STRANIK,STEPAN STRANIK,CZE • 1987,https://ifsc.results.info/#/athlete/1357
JACHYM,CINK,JACHYM CINK,CZE • 2003,https://ifsc.results.info/#/athlete/1434
ARTYOM,DEVYATERIKOV,ARTYOM DEVYATERIKOV,KAZ • 1987,https://ifsc.results.info/#/athlete/3358
BENJAMIN,AYALA,BENJAMIN AYALA,CHI • 1997,https://ifsc.results.info/#/athlete/3903
ROBERT,LUBY,ROBERT LUBY,SVK • 1996,https://ifsc.results.info/#/athlete/2769
RICHARD,SCHWARK,RICHARD SCHWARK,BRA • 2002,https://ifsc.results.info/#/athlete/14538
ALEXEY,PANFILOV,ALEXEY PANFILOV,KAZ • 1997,https://ifsc.results.info/#/athlete/3367
BENJAMIN,VARGAS,BENJAMIN VARGAS,CHI • 1999,https://ifsc.results.info/#/athlete/3916
IOANNIS-FILIPPOS,NOEL-BAKER,IOANNIS-FILIPPOS NOEL-BAKER,GRE • 2003,https://ifsc.results.info/#/athlete/11636
SIMON,POTUCEK,SIMON POTUCEK,CZE • 2001,https://ifsc.results.info/#/athlete/1418
CALRIN,CURTIS,CALRIN CURTIS,RSA • 1993,https://ifsc.results.info/#/athlete/1052
LAUTARO NICOLÁS,SORIA SANCHEZ,LAUTARO NICOLÁS SORIA SANCHEZ,ARG • 1995,https://ifsc.results.info/#/athlete/14439
MATIAS,OCHOA MARCOS,MATIAS OCHOA MARCOS,ARG • 2001,https://ifsc.results.info/#/athlete/12054
VIKTOR,TRPOVSKI,VIKTOR TRPOVSKI,MKD • 2000,https://ifsc.results.info/#/athlete/3188
DON,VAN LAERE,DON VAN LAERE,NED • 1999,https://ifsc.results.info/#/athlete/3591
JANJA,GARNBRET,JANJA GARNBRET,SLO • 1999,https://ifsc.results.info/#/athlete/1147
FLAVY,COHAUT,FLAVY COHAUT,FRA • 2001,https://ifsc.results.info/#/athlete/553
GIULIA,MEDICI,GIULIA MEDICI,ITA • 1999,https://ifsc.results.info/#/athlete/910
ANNE,ACKRE,ANNE ACKRE,NOR • 2003,https://ifsc.results.info/#/athlete/13272
LISA,KLEM,LISA KLEM,NED • 2004,https://ifsc.results.info/#/athlete/3622
LUCKA,RAKOVEC,LUCKA RAKOVEC,SLO • 2001,https://ifsc.results.info/#/athlete/1160
DARIA,NESTERENKO,DARIA NESTERENKO,UKR • 2003,https://ifsc.results.info/#/athlete/11624
NATALIE,BÄRTSCHI,NATALIE BÄRTSCHI,SUI • 1994,https://ifsc.results.info/#/athlete/4293
MARGARITA,AGAMBAYEVA,MARGARITA AGAMBAYEVA,KAZ • 1999,https://ifsc.results.info/#/athlete/3374
EVANGELINA,BRIGGS,EVANGELINA BRIGGS,CAN • 2006,https://ifsc.results.info/#/athlete/13661
ARINA,JURCENKO,ARINA JURCENKO,CZE • 2006,https://ifsc.results.info/#/athlete/12330
SUNNIVA EIK,HAAVE,SUNNIVA EIK HAAVE,NOR • 1997,https://ifsc.results.info/#/athlete/3068
BARBORA,ZITKOVA,BARBORA ZITKOVA,CZE • 2005,https://ifsc.results.info/#/athlete/14291
ALEJANDRA,CONTRERAS,ALEJANDRA CONTRERAS,CHI • 2000,https://ifsc.results.info/#/athlete/3911
ARTA,MATELSONE,ARTA MATELSONE,LAT • 1997,https://ifsc.results.info/#/athlete/12296
SANDRA,HOPFENSITZ,SANDRA HOPFENSITZ,GER • 2003,https://ifsc.results.info/#/athlete/11740
SVANA,BJARNASON,SVANA BJARNASON,FRA,https://ifsc.results.info/#/athlete/8573
MIRIAM,DIEZ LUENGO,MIRIAM DIEZ LUENGO,ESP • 2004,https://ifsc.results.info/#/athlete/13412
EMA,GALEOVA,EMA GALEOVA,CZE • 2002,https://ifsc.results.info/#/athlete/12859
MARÍA FERNANDA,GONZÁLEZ RÁMIREZ,MARÍA FERNANDA GONZÁLEZ RÁMIREZ,MEX • 2001,https://ifsc.results.info/#/athlete/4215
EVDOXIA-AIKATERINI,KALLIA,EVDOXIA-AIKATERINI KALLIA,GRE • 2002,https://ifsc.results.info/#/athlete/4121
MUYKUAY,SILVA,MUYKUAY SILVA,CHI • 1998,https://ifsc.results.info/#/athlete/3900
VALERI,KREMER,VALERI KREMER,ISR • 1991,https://ifsc.results.info/#/athlete/3979
ROSA,ARNOLD,ROSA ARNOLD,FIN • 2006,https://ifsc.results.info/#/athlete/12623
LEO,FAVOT,LEO FAVOT,FRA • 2000,https://ifsc.results.info/#/athlete/574
GHOLAMALI,BARATZADEH,GHOLAMALI BARATZADEH,IRI • 1985,https://ifsc.results.info/#/athlete/3460
PIERRE,LE CERF,PIERRE LE CERF,FRA • 2000,https://ifsc.results.info/#/athlete/546
NICOLÒ,SARTIRANA,NICOLÒ SARTIRANA,ITA • 2003,https://ifsc.results.info/#/athlete/1047
IDO,FIDEL,IDO FIDEL,ISR • 2003,https://ifsc.results.info/#/athlete/4021
YOTAM,BEN REUVEN,YOTAM BEN REUVEN,ISR • 2001,https://ifsc.results.info/#/athlete/4046
JOSEPH,XIBERRAS,JOSEPH XIBERRAS,GBR • 2004,https://ifsc.results.info/#/athlete/735
RADIN,FOROUGHIAN,RADIN FOROUGHIAN,IRI • 2004,https://ifsc.results.info/#/athlete/12074
PIETRO,VIDI,PIETRO VIDI,ITA • 2002,https://ifsc.results.info/#/athlete/12815
MARTIN,BERGANT,MARTIN BERGANT,SLO • 1996,https://ifsc.results.info/#/athlete/1135
ANTOINE,GIRARD,ANTOINE GIRARD,FRA • 2000,https://ifsc.results.info/#/athlete/12306
DAVIDE MARCO,COLOMBO,DAVIDE MARCO COLOMBO,ITA • 2002,https://ifsc.results.info/#/athlete/953
JOAQUIN,URRUTIA,JOAQUIN URRUTIA,CHI • 2005,https://ifsc.results.info/#/athlete/11862
VAIDOTAS,MONSTAVICIUS,VAIDOTAS MONSTAVICIUS,LTU • 1990,https://ifsc.results.info/#/athlete/12863
JOVAN,IVANOV,JOVAN IVANOV,MKD • 1990,https://ifsc.results.info/#/athlete/5804
MATEJ,MARKOV,MATEJ MARKOV,MKD • 2007,https://ifsc.results.info/#/athlete/14601
DANIEL ALEJANDRO,MERINO ORDÓÑEZ,DANIEL ALEJANDRO MERINO ORDÓÑEZ,HON • 2001,https://ifsc.results.info/#/athlete/14636
PHEAKTRA,SAMBATH,PHEAKTRA SAMBATH,CAM • 2001,https://ifsc.results.info/#/athlete/14643
TOIVO,ELORANTA,TOIVO ELORANTA,FIN • 2006,https://ifsc.results.info/#/athlete/14602
BAUTISTA,GREGORINI,BAUTISTA GREGORINI,ARG • 2002,https://ifsc.results.info/#/athlete/12026
MARCELO IGNACIO,VARGAS CLAROS,MARCELO IGNACIO VARGAS CLAROS,ESA • 2001,https://ifsc.results.info/#/athlete/14641
MICHAIL,VOLYRAKIS,MICHAIL VOLYRAKIS,GRE • 1999,https://ifsc.results.info/#/athlete/13686
MIRIAM,FOGU,MIRIAM FOGU,ITA • 2002,https://ifsc.results.info/#/athlete/991
AIDA,TORRES ILLAMOLA,AIDA TORRES ILLAMOLA,ESP • 2002,https://ifsc.results.info/#/athlete/841
ELNAZ,REKABI,ELNAZ REKABI,IRI • 1989,https://ifsc.results.info/#/athlete/3465
REBECA,PÉREZ DUATO,REBECA PÉREZ DUATO,ESP • 1998,https://ifsc.results.info/#/athlete/13450
MAYA,DREAMER,MAYA DREAMER,ISR • 2001,https://ifsc.results.info/#/athlete/4018
CLAUDIA,GHISOLFI,CLAUDIA GHISOLFI,ITA • 1996,https://ifsc.results.info/#/athlete/860
CATERINA,DAL ZOTTO,CATERINA DAL ZOTTO,ITA • 2003,https://ifsc.results.info/#/athlete/1039
JORDYN,DAMASCO,JORDYN DAMASCO,AUS • 2003,https://ifsc.results.info/#/athlete/2564
ROCIO AILEN,BECERRA,ROCIO AILEN BECERRA,ARG • 1999,https://ifsc.results.info/#/athlete/3160
ALEXANDRA,KATERI,ALEXANDRA KATERI,GRE • 1989,https://ifsc.results.info/#/athlete/13721
IGNACIA,MELLADO QUINTEROS,IGNACIA MELLADO QUINTEROS,CHI • 2002,https://ifsc.results.info/#/athlete/11420
RAHIL,RAMEZANI,RAHIL RAMEZANI,IRI • 2001,https://ifsc.results.info/#/athlete/3525
SARA,TRAJKOSKA,SARA TRAJKOSKA,MKD • 2006,https://ifsc.results.info/#/athlete/12939
IRIS PAMELA,DURON ANTONIO,IRIS PAMELA DURON ANTONIO,HON • 2000,https://ifsc.results.info/#/athlete/14637
GRECIA DANIELA,HERNANDEZ GUERRERO,GRECIA DANIELA HERNANDEZ GUERRERO,ESA • 2006,https://ifsc.results.info/#/athlete/14677
VINNITH,IM,VINNITH IM,CAM • 2006,https://ifsc.results.info/#/athlete/14644
ILJA,AUERSPERG,ILJA AUERSPERG,AUT • 2006,https://ifsc.results.info/#/athlete/12500
ANDREAS,HOFHERR,ANDREAS HOFHERR,AUT • 2003,https://ifsc.results.info/#/athlete/1282
NIMRÓD SEBESTYÉN,TUSNÁDY,NIMRÓD SEBESTYÉN TUSNÁDY,HUN • 2004,https://ifsc.results.info/#/athlete/2201
DOMINIK,HAERTL,DOMINIK HAERTL,AUT • 1999,https://ifsc.results.info/#/athlete/1262
JULIAN,WIMMER,JULIAN WIMMER,AUT • 2005,https://ifsc.results.info/#/athlete/11580
MAXIMILIAN,LENZ,MAXIMILIAN LENZ,AUT • 2003,https://ifsc.results.info/#/athlete/1332
SHION,OMATA,SHION OMATA,JPN • 2006,https://ifsc.results.info/#/athlete/13986
MIKEL ASIER,LINACISORO MOLINA,MIKEL ASIER LINACISORO MOLINA,ESP • 2000,https://ifsc.results.info/#/athlete/793
SAMUEL,BUTTERWORTH,SAMUEL BUTTERWORTH,GBR • 2001,https://ifsc.results.info/#/athlete/12237
YUVAL,SHEMLA,YUVAL SHEMLA,ISR • 1998,https://ifsc.results.info/#/athlete/3989
HECTOR,LOPEZ VALDEZ,HECTOR LOPEZ VALDEZ,MEX • 1995,https://ifsc.results.info/#/athlete/6393
TIMO,UZNIK,TIMO UZNIK,AUT • 2006,https://ifsc.results.info/#/athlete/12382
JONAS,UTELLI,JONAS UTELLI,SUI • 2003,https://ifsc.results.info/#/athlete/3883
GIANSTEFANO,DI NINO,GIANSTEFANO DI NINO,VEN • 2003,https://ifsc.results.info/#/athlete/12027
ORFEAS,TSIAOUSIS,ORFEAS TSIAOUSIS,GRE • 1999,https://ifsc.results.info/#/athlete/4119
GUÐMUNDUR FREYR,ARNARSON,GUÐMUNDUR FREYR ARNARSON,ISL • 1998,https://ifsc.results.info/#/athlete/14481
LUIS,CASTELLANOS,LUIS CASTELLANOS,VEN • 1995,https://ifsc.results.info/#/athlete/10886
ROMAN,SIVAKOV,ROMAN SIVAKOV,LTU • 2003,https://ifsc.results.info/#/athlete/4391
BIRGIR ÓLI,SNORRASON,BIRGIR ÓLI SNORRASON,ISL • 1995,https://ifsc.results.info/#/athlete/14482
REZA,KOLASANGIAN,REZA KOLASANGIAN,IRI • 1992,https://ifsc.results.info/#/athlete/3484
MARTINA,BURŠÍKOVÁ,MARTINA BURŠÍKOVÁ,SVK • 2006,https://ifsc.results.info/#/athlete/12348
VITA,LUKAN,VITA LUKAN,SLO • 2000,https://ifsc.results.info/#/athlete/1153
IZIAR,MARTÍNEZ ALMENDROS,IZIAR MARTÍNEZ ALMENDROS,ESP • 2005,https://ifsc.results.info/#/athlete/12358
LOUISE,FLOCKHART,LOUISE FLOCKHART,GBR • 2004,https://ifsc.results.info/#/athlete/742
LUCY,GARLICK,LUCY GARLICK,GBR • 2007,https://ifsc.results.info/#/athlete/12947
LUCIE,DELCOIGNE,LUCIE DELCOIGNE,BEL • 2002,https://ifsc.results.info/#/athlete/349
ANNA MARIA,APEL,ANNA MARIA APEL,GER • 2005,https://ifsc.results.info/#/athlete/12336
ANNA,BOLIUS,ANNA BOLIUS,AUT • 2007,https://ifsc.results.info/#/athlete/12597
LEA,KEMPF,LEA KEMPF,AUT • 2004,https://ifsc.results.info/#/athlete/1285
ARIANE,FRANKEN,ARIANE FRANKEN,AUT • 2005,https://ifsc.results.info/#/athlete/12383
LEONIE,HOFER,LEONIE HOFER,ITA • 2006,https://ifsc.results.info/#/athlete/12519
ANJA,SANTINI MIKULIĆ,ANJA SANTINI MIKULIĆ,CRO • 2005,https://ifsc.results.info/#/athlete/12507
LIANET,CASTILLO,LIANET CASTILLO,VEN • 2003,https://ifsc.results.info/#/athlete/11989
LYNN,VAN DER MEER,LYNN VAN DER MEER,NED • 1999,https://ifsc.results.info/#/athlete/3594
MAYA,KLAUNZER,MAYA KLAUNZER,AUT • 2004,https://ifsc.results.info/#/athlete/13403
TEGWEN,OATES,TEGWEN OATES,RSA • 2003,https://ifsc.results.info/#/athlete/12308
DANAI,VALSAMIDI,DANAI VALSAMIDI,GRE • 2003,https://ifsc.results.info/#/athlete/4135
ARIANE,JANATA-BURNS,ARIANE JANATA-BURNS,RSA • 2006,https://ifsc.results.info/#/athlete/13780
LUCIE,WATILLON,LUCIE WATILLON,BEL • 2003,https://ifsc.results.info/#/athlete/363
STEFANO,GHISOLFI,STEFANO GHISOLFI,ITA • 1993,https://ifsc.results.info/#/athlete/855
GERGŐ,VÁLYI,GERGŐ VÁLYI,HUN • 2004,https://ifsc.results.info/#/athlete/2203
MEL,JANSE VAN RENSBURG,MEL JANSE VAN RENSBURG,RSA • 2001,https://ifsc.results.info/#/athlete/1095
MYKHAYIL,TKACHUK,MYKHAYIL TKACHUK,UKR • 2000,https://ifsc.results.info/#/athlete/1502
PUTRA,TRI RAMADANI,PUTRA TRI RAMADANI,INA • 2005,https://ifsc.results.info/#/athlete/14090
CAMPBELL,HARRISON,CAMPBELL HARRISON,AUS • 1997,https://ifsc.results.info/#/athlete/2493
GIORGIO,TOMATIS,GIORGIO TOMATIS,ITA • 2003,https://ifsc.results.info/#/athlete/1005
ALBIN,MEYER,ALBIN MEYER,SWE • 2004,https://ifsc.results.info/#/athlete/12255
ROMAN,VASKO,ROMAN VASKO,UKR • 1996,https://ifsc.results.info/#/athlete/8672
ALEJO,SUTER,ALEJO SUTER,ARG • 2007,https://ifsc.results.info/#/athlete/13828
GABRIEL,KERN,GABRIEL KERN,SWE • 2006,https://ifsc.results.info/#/athlete/12250
FREDERIK,VIBERG CHRISTIANSEN,FREDERIK VIBERG CHRISTIANSEN,DEN • 2001,https://ifsc.results.info/#/athlete/11518
LEÓN,PINO,LEÓN PINO,CHI • 1999,https://ifsc.results.info/#/athlete/14651
DOHYEON,KIM,DOHYEON KIM,KOR • 2005,https://ifsc.results.info/#/athlete/11859
TULIO,OBREGON,TULIO OBREGON,ECU • 2003,https://ifsc.results.info/#/athlete/12019
MUHAMMAD FERZA FERNADA,ABDI,MUHAMMAD FERZA FERNADA ABDI,INA • 2003,https://ifsc.results.info/#/athlete/13548
MOHAMMADAMIN,YAZDIZAD,MOHAMMADAMIN YAZDIZAD,IRI • 1999,https://ifsc.results.info/#/athlete/3548
BOYAN,KIROV,BOYAN KIROV,BUL • 2007,https://ifsc.results.info/#/athlete/12513
DIEGO ERNESTO,VÁZQUEZ,DIEGO ERNESTO VÁZQUEZ,MEX • 1994,https://ifsc.results.info/#/athlete/14653
MUHAMMAD,RIZKY SYAHRAFLI SIMATUPANG,MUHAMMAD RIZKY SYAHRAFLI SIMATUPANG,INA • 2004,https://ifsc.results.info/#/athlete/12870
EMILIO,FLORES,EMILIO FLORES,GUA • 2006,https://ifsc.results.info/#/athlete/14762
TEERAPHON,BOONDECH,TEERAPHON BOONDECH,THA • 2001,https://ifsc.results.info/#/athlete/3938
LOVRE,ČULIĆ,LOVRE ČULIĆ,CRO • 2007,https://ifsc.results.info/#/athlete/12692
AZAT,MAIKOTOV,AZAT MAIKOTOV,KAZ • 2003,https://ifsc.results.info/#/athlete/13067
SIGRID,BIM,SIGRID BIM,INA • 1999,https://ifsc.results.info/#/athlete/10705
SANTIAGO,DE ALBA FLORES,SANTIAGO DE ALBA FLORES,MEX • 1992,https://ifsc.results.info/#/athlete/6092
KENU,PUERTA WONG,KENU PUERTA WONG,PER • 2006,https://ifsc.results.info/#/athlete/14888
EMILIANO,TORRIJO,EMILIANO TORRIJO,CHI • 2001,https://ifsc.results.info/#/athlete/12057
MUSAUWIR,MUSAUWIR,MUSAUWIR MUSAUWIR,INA • 2004,https://ifsc.results.info/#/athlete/12872
HRITIK,MARNE,HRITIK MARNE,IND • 2000,https://ifsc.results.info/#/athlete/2658
KEIT,NURGA,KEIT NURGA,EST • 1997,https://ifsc.results.info/#/athlete/11520
TIES,VANCRAEYNEST,TIES VANCRAEYNEST,BEL • 2003,https://ifsc.results.info/#/athlete/356
ANASTASIA,KOBETS,ANASTASIA KOBETS,UKR • 2006,https://ifsc.results.info/#/athlete/12562
SARINA,GHAFFARI,SARINA GHAFFARI,IRI • 2006,https://ifsc.results.info/#/athlete/14865
REGINA,SALAZAR PUGA,REGINA SALAZAR PUGA,MEX • 2003,https://ifsc.results.info/#/athlete/4224
JIL,COUTURE,JIL COUTURE,SUI • 2006,https://ifsc.results.info/#/athlete/12221
EMILIA,DAVILA,EMILIA DAVILA,ECU • 2006,https://ifsc.results.info/#/athlete/14742
BIANCA,DE MAGALHAES DE CASTRO,BIANCA DE MAGALHAES DE CASTRO,BRA • 1988,https://ifsc.results.info/#/athlete/11614
NIKA,POTAPOVA,NIKA POTAPOVA,UKR • 2003,https://ifsc.results.info/#/athlete/1526
ARANTZA,FERNÁNDEZ GUTIERREZ,ARANTZA FERNÁNDEZ GUTIERREZ,MEX • 2002,https://ifsc.results.info/#/athlete/4227
MELISSA ESTHER,CHEN CHEN,MELISSA ESTHER CHEN CHEN,PER • 1999,https://ifsc.results.info/#/athlete/13220
MATILDE,CABEZAS,MATILDE CABEZAS,CHI • 2007,https://ifsc.results.info/#/athlete/13974
SILVANA LOURDES,LEYTON MATTO,SILVANA LOURDES LEYTON MATTO,PER • 2006,https://ifsc.results.info/#/athlete/14013
RATTANKORN,SUTHAPHAISANWITHAYA,RATTANKORN SUTHAPHAISANWITHAYA,THA • 2007,https://ifsc.results.info/#/athlete/13845
FUJIYANTI,WIDIA,FUJIYANTI WIDIA,INA • 1999,https://ifsc.results.info/#/athlete/11259
SUKMA,LINTANG CAHYANI,SUKMA LINTANG CAHYANI,INA • 2004,https://ifsc.results.info/#/athlete/11372
VIKTORIYA,ADAMENKO,VIKTORIYA ADAMENKO,KAZ • 2006,https://ifsc.results.info/#/athlete/13072
SATONE,YOSHIDA,SATONE YOSHIDA,JPN • 2004,https://ifsc.results.info/#/athlete/11390
MASAHIRO,HIGUCHI,MASAHIRO HIGUCHI,JPN • 1992,https://ifsc.results.info/#/athlete/2261
TAISEI,HOMMA,TAISEI HOMMA,JPN • 1999,https://ifsc.results.info/#/athlete/2370
MILAN,PRESKAR,MILAN PRESKAR,SLO • 1996,https://ifsc.results.info/#/athlete/1134
MATHIAS,POSCH,MATHIAS POSCH,AUT • 1999,https://ifsc.results.info/#/athlete/1251
NAO,MONCHOIS,NAO MONCHOIS,FRA • 1998,https://ifsc.results.info/#/athlete/519
JULES,MARCHALAND,JULES MARCHALAND,FRA • 2001,https://ifsc.results.info/#/athlete/605
LOUIS,GUNDOLF,LOUIS GUNDOLF,AUT • 2001,https://ifsc.results.info/#/athlete/1277
NINO,GRÜNENFELDER,NINO GRÜNENFELDER,SUI • 2001,https://ifsc.results.info/#/athlete/4284
RAFFAEL,GRUBER,RAFFAEL GRUBER,AUT • 2006,https://ifsc.results.info/#/athlete/12313
DIMITRI,VOGT,DIMITRI VOGT,SUI • 1997,https://ifsc.results.info/#/athlete/3427
GIORGIO,BENDAZZOLI,GIORGIO BENDAZZOLI,ITA • 1999,https://ifsc.results.info/#/athlete/893
CHRISTOPH,HANKE,CHRISTOPH HANKE,GER • 1994,https://ifsc.results.info/#/athlete/2014
JOHANNES,HOFHERR,JOHANNES HOFHERR,AUT • 2002,https://ifsc.results.info/#/athlete/1283
PHILIPP,MARTIN,PHILIPP MARTIN,GER • 1994,https://ifsc.results.info/#/athlete/765
LOVRO,CREP,LOVRO CREP,SLO • 2004,https://ifsc.results.info/#/athlete/11915
ILLIA,BAKHMET-SMOLENSKYI,ILLIA BAKHMET-SMOLENSKYI,UKR • 2005,https://ifsc.results.info/#/athlete/11572
TOMAS,PLEVKO,TOMAS PLEVKO,SVK • 1999,https://ifsc.results.info/#/athlete/2763
SALOMÉ,ROMAIN,SALOMÉ ROMAIN,FRA • 1996,https://ifsc.results.info/#/athlete/467
JULIA,CHANOURDIE,JULIA CHANOURDIE,FRA • 1996,https://ifsc.results.info/#/athlete/466
MATTEA,PÖTZI,MATTEA PÖTZI,AUT • 2000,https://ifsc.results.info/#/athlete/1266
NATSUKI,TANII,NATSUKI TANII,JPN • 2003,https://ifsc.results.info/#/athlete/2381
LANA,SKUSEK,LANA SKUSEK,SLO • 2000,https://ifsc.results.info/#/athlete/1155
EVA MARIA,HAMMELMÜLLER,EVA MARIA HAMMELMÜLLER,AUT • 2000,https://ifsc.results.info/#/athlete/1259
MARTINA,DEMMEL,MARTINA DEMMEL,GER • 2001,https://ifsc.results.info/#/athlete/12324
TEREZA,SIRUCKOVA,TEREZA SIRUCKOVA,CZE • 2003,https://ifsc.results.info/#/athlete/1447
TINA JOHNSEN,HAFSAAS,TINA JOHNSEN HAFSAAS,NOR • 1994,https://ifsc.results.info/#/athlete/3060
JULIA,FISER,JULIA FISER,AUT • 1997,https://ifsc.results.info/#/athlete/1239
SOPHIA,AVENDER,SOPHIA AVENDER,AUT • 2007,https://ifsc.results.info/#/athlete/12778
KÄTHE,ATKINS,KÄTHE ATKINS,GER • 2001,https://ifsc.results.info/#/athlete/3424
MICHELLE,HULLIGER,MICHELLE HULLIGER,SUI • 1999,https://ifsc.results.info/#/athlete/4301
CHLOE,EARLE,CHLOE EARLE,CAN • 2000,https://ifsc.results.info/#/athlete/1617
HARUKI,UEMURA,HARUKI UEMURA,JPN • 2004,https://ifsc.results.info/#/athlete/11850
NEO,SUZUKI,NEO SUZUKI,JPN • 2004,https://ifsc.results.info/#/athlete/14606
JORDI,POLES,JORDI POLES,FRA • 2003,https://ifsc.results.info/#/athlete/606
DIMITRI,FLICK,DIMITRI FLICK,SUI • 1999,https://ifsc.results.info/#/athlete/13722
RAVIANDI,RAMADHAN,RAVIANDI RAMADHAN,INA • 2002,https://ifsc.results.info/#/athlete/3332
RAVIANTO,RAMADHAN,RAVIANTO RAMADHAN,INA • 2002,https://ifsc.results.info/#/athlete/3331
AUSWIN,AUEAREECHIT,AUSWIN AUEAREECHIT,THA • 2007,https://ifsc.results.info/#/athlete/13842
ALIREZA,PILEHFOROUSHAN,ALIREZA PILEHFOROUSHAN,IRI • 2000,https://ifsc.results.info/#/athlete/3543
LUCA,MALOSTI,LUCA MALOSTI,ITA • 2003,https://ifsc.results.info/#/athlete/12814
DARIO,JOST,DARIO JOST,SUI • 2003,https://ifsc.results.info/#/athlete/3885
LEONID,OSADCHYI,LEONID OSADCHYI,UKR • 2001,https://ifsc.results.info/#/athlete/1513
MIU,KAKIZAKI,MIU KAKIZAKI,JPN • 2003,https://ifsc.results.info/#/athlete/12846
ILARIA,SCOLARIS,ILARIA SCOLARIS,ITA • 1998,https://ifsc.results.info/#/athlete/895
ZOÉ,EGLI,ZOÉ EGLI,SUI • 2002,https://ifsc.results.info/#/athlete/3880
ANNE-SOPHIE,KOLLER,ANNE-SOPHIE KOLLER,SUI • 1996,https://ifsc.results.info/#/athlete/3426
NOÉ,LOOSER,NOÉ LOOSER,SUI • 2006,https://ifsc.results.info/#/athlete/12222
FEDERICA,PAPETTI,FEDERICA PAPETTI,ITA • 2004,https://ifsc.results.info/#/athlete/1023
NOLWENN,ARC,NOLWENN ARC,FRA • 2000,https://ifsc.results.info/#/athlete/530
VALENTINA,ARNOLDI,VALENTINA ARNOLDI,ITA • 2005,https://ifsc.results.info/#/athlete/12835
ALYSSA,MEYER,ALYSSA MEYER,RSA • 2002,https://ifsc.results.info/#/athlete/1068
SEBASTIAN,HALENKE,SEBASTIAN HALENKE,GER • 1995,https://ifsc.results.info/#/athlete/3125
ARSÈNE,DUVAL,ARSÈNE DUVAL,FRA • 1999,https://ifsc.results.info/#/athlete/516
JEREMY,BONDER,JEREMY BONDER,FRA • 1991,https://ifsc.results.info/#/athlete/470
DARIUS,RAPA,DARIUS RAPA,ROU • 2006,https://ifsc.results.info/#/athlete/12340
DYLAN,SOIN,DYLAN SOIN,AUS • 2006,https://ifsc.results.info/#/athlete/13854
STEPAN,POTUCEK,STEPAN POTUCEK,CZE • 2001,https://ifsc.results.info/#/athlete/1449
ANDRÉ,NERES,ANDRÉ NERES,POR • 1985,https://ifsc.results.info/#/athlete/3780
GUSTAVO,CUNHA,GUSTAVO CUNHA,POR • 2004,https://ifsc.results.info/#/athlete/11508
CAMILLE,POUGET,CAMILLE POUGET,FRA • 2002,https://ifsc.results.info/#/athlete/561
MEIJE,LERONDEL,MEIJE LERONDEL,FRA • 2007,https://ifsc.results.info/#/athlete/12476
INA,PLASSOUX DJIGA,INA PLASSOUX DJIGA,FRA • 1999,https://ifsc.results.info/#/athlete/12326
VIOLA,BATTISTELLA,VIOLA BATTISTELLA,ITA • 2004,https://ifsc.results.info/#/athlete/1022
LÉA,MARIGO,LÉA MARIGO,FRA • 1994,https://ifsc.results.info/#/athlete/539
HUGO,PARMENTIER,HUGO PARMENTIER,FRA • 1998,https://ifsc.results.info/#/athlete/492
ROMARIC,GEFFROY,ROMARIC GEFFROY,FRA • 1996,https://ifsc.results.info/#/athlete/593
ARNO,LUYPAERT,ARNO LUYPAERT,BEL • 1998,https://ifsc.results.info/#/athlete/369
ADRIEN,LEMAIRE,ADRIEN LEMAIRE,FRA • 1999,https://ifsc.results.info/#/athlete/518
LUCA,BOLDRINI,LUCA BOLDRINI,ITA • 2005,https://ifsc.results.info/#/athlete/11576
NATSUMI,HIRANO,NATSUMI HIRANO,JPN • 2002,https://ifsc.results.info/#/athlete/2369
RISA,OTA,RISA OTA,JPN • 1993,https://ifsc.results.info/#/athlete/2267
SAVINA,NICELLI,SAVINA NICELLI,ITA • 2004,https://ifsc.results.info/#/athlete/12525
HELEN,GILLETT,HELEN GILLETT,USA • 2003,https://ifsc.results.info/#/athlete/1990
GIULIA,BERNARDINI,GIULIA BERNARDINI,ITA • 2005,https://ifsc.results.info/#/athlete/11690
TIMOTEJ,ROMŠAK,TIMOTEJ ROMŠAK,SLO • 2004,https://ifsc.results.info/#/athlete/1187
GORAZD,JUREKOVIC,GORAZD JUREKOVIC,SLO • 2006,https://ifsc.results.info/#/athlete/12387
JOSÉ ALEJANDRO,SAUCEDA RODRÍGUEZ,JOSÉ ALEJANDRO SAUCEDA RODRÍGUEZ,MEX • 1997,https://ifsc.results.info/#/athlete/13636
ROSA,REKAR,ROSA REKAR,SLO • 2005,https://ifsc.results.info/#/athlete/13329
JENNIFER EUCHARIA,BUCKLEY,JENNIFER EUCHARIA BUCKLEY,SLO • 2007,https://ifsc.results.info/#/athlete/12653
ZALA,MLAKAR STARIC,ZALA MLAKAR STARIC,SLO • 2006,https://ifsc.results.info/#/athlete/8092
KERRY,SCOTT,KERRY SCOTT,USA • 1996,https://ifsc.results.info/#/athlete/1734
REBECCA,HOUNSELL,REBECCA HOUNSELL,NZL • 2006,https://ifsc.results.info/#/athlete/14895
MILICA,MARJANOVIC,MILICA MARJANOVIC,SRB • 2005,https://ifsc.results.info/#/athlete/11557
ISABELLA,DOMANESCHI,ISABELLA DOMANESCHI,NZL • 2005,https://ifsc.results.info/#/athlete/14918
JUNZHE,HU,JUNZHE HU,CHN • 2007,https://ifsc.results.info/#/athlete/14975
AMAN,VARMA,AMAN VARMA,IND • 2004,https://ifsc.results.info/#/athlete/11856
HYUNBIN,MIN,HYUNBIN MIN,KOR • 1989,https://ifsc.results.info/#/athlete/2039
JINWEI,YAO,JINWEI YAO,CHN • 2007,https://ifsc.results.info/#/athlete/13626
GUOQING,NI,GUOQING NI,CHN • 2004,https://ifsc.results.info/#/athlete/11391
NIMA,SANGZHU,NIMA SANGZHU,CHN • 2000,https://ifsc.results.info/#/athlete/3008
YONGCHEN,CHEN,YONGCHEN CHEN,CHN • 2002,https://ifsc.results.info/#/athlete/11382
FAZAL,WADOOD,FAZAL WADOOD,PAK • 2001,https://ifsc.results.info/#/athlete/4340
EMMA,BERNHARD,EMMA BERNHARD,GER • 2003,https://ifsc.results.info/#/athlete/3425
CHUNHUA,WU,CHUNHUA WU,CHN • 2006,https://ifsc.results.info/#/athlete/15134
ZIHAN,HUANG,ZIHAN HUANG,CHN • 2001,https://ifsc.results.info/#/athlete/11355
ROXY,PERRY,ROXY PERRY,AUS • 1997,https://ifsc.results.info/#/athlete/2490
ANISHA,VERMA,ANISHA VERMA,IND • 2004,https://ifsc.results.info/#/athlete/11373
YIXIN,LIU,YIXIN LIU,CHN • 2005,https://ifsc.results.info/#/athlete/15135
SANIYA FAROOQUE,SHAIKH,SANIYA FAROOQUE SHAIKH,IND • 2005,https://ifsc.results.info/#/athlete/11811
VEDDRIQ,LEONARDO,VEDDRIQ LEONARDO,INA • 1997,https://ifsc.results.info/#/athlete/3340
JINBAO,LONG,JINBAO LONG,CHN • 2000,https://ifsc.results.info/#/athlete/11460
XINSHANG,WANG,XINSHANG WANG,CHN • 2005,https://ifsc.results.info/#/athlete/14416
JIANGUO,LONG,JIANGUO LONG,CHN • 2003,https://ifsc.results.info/#/athlete/11395
EUNCHEOL,SHIN,EUNCHEOL SHIN,KOR • 1999,https://ifsc.results.info/#/athlete/2099
PENG,WU,PENG WU,CHN • 2002,https://ifsc.results.info/#/athlete/13598
ASPAR,ASPAR,ASPAR ASPAR,INA • 1992,https://ifsc.results.info/#/athlete/3278
MATTEO,ZURLONI,MATTEO ZURLONI,ITA • 2002,https://ifsc.results.info/#/athlete/1027
SAMUEL,WATSON,SAMUEL WATSON,USA • 2006,https://ifsc.results.info/#/athlete/13034
RAHMAD,ADI MULYONO,RAHMAD ADI MULYONO,INA • 2000,https://ifsc.results.info/#/athlete/3325
LUDOVICO,FOSSALI,LUDOVICO FOSSALI,ITA • 1997,https://ifsc.results.info/#/athlete/865
JOHN,BROSLER,JOHN BROSLER,USA • 1997,https://ifsc.results.info/#/athlete/1754
YAROSLAV,TKACH,YAROSLAV TKACH,UKR • 2001,https://ifsc.results.info/#/athlete/1511
AMIR,MAIMURATOV,AMIR MAIMURATOV,KAZ • 1995,https://ifsc.results.info/#/athlete/3362
MINHUI,WANG,MINHUI WANG,CHN • 2003,https://ifsc.results.info/#/athlete/11938
BASSA,MAWEM,BASSA MAWEM,FRA • 1984,https://ifsc.results.info/#/athlete/7613
JUN,YASUKAWA,JUN YASUKAWA,JPN • 2003,https://ifsc.results.info/#/athlete/12317
SEUNGBEOM,LEE,SEUNGBEOM LEE,KOR • 1999,https://ifsc.results.info/#/athlete/2069
YONGSU,LEE,YONGSU LEE,KOR • 1999,https://ifsc.results.info/#/athlete/2076
ZAENAL,ARIPIN,ZAENAL ARIPIN,INA • 1992,https://ifsc.results.info/#/athlete/11175
RYO,OMASA,RYO OMASA,JPN • 2002,https://ifsc.results.info/#/athlete/11381
MARCIN,DZIENSKI,MARCIN DZIENSKI,POL • 1993,https://ifsc.results.info/#/athlete/2845
ISAAC,ESTEVEZ,ISAAC ESTEVEZ,ECU • 1992,https://ifsc.results.info/#/athlete/3208
YONGJUN,JUNG,YONGJUN JUNG,KOR • 2003,https://ifsc.results.info/#/athlete/2130
CARLOS,GRANJA,CARLOS GRANJA,ECU • 1999,https://ifsc.results.info/#/athlete/3211
RISHAT,KHAIBULLIN,RISHAT KHAIBULLIN,KAZ • 1995,https://ifsc.results.info/#/athlete/3361
YUDAI,IKEDA,YUDAI IKEDA,JPN • 1998,https://ifsc.results.info/#/athlete/2391
ZACH,HAMMER,ZACH HAMMER,USA • 2006,https://ifsc.results.info/#/athlete/13592
RAFE,STOKES,RAFE STOKES,GBR • 2005,https://ifsc.results.info/#/athlete/13805
SHUTO,FUJINO,SHUTO FUJINO,JPN • 2004,https://ifsc.results.info/#/athlete/13043
NOAH,BRATSCHI,NOAH BRATSCHI,USA • 2000,https://ifsc.results.info/#/athlete/1798
KIROMAL,KATIBIN,KIROMAL KATIBIN,INA • 2000,https://ifsc.results.info/#/athlete/3324
LUKAS,KNAPP,LUKAS KNAPP,AUT • 1997,https://ifsc.results.info/#/athlete/1263
MICHAEL,FINN-HENRY,MICHAEL FINN-HENRY,CAN • 1999,https://ifsc.results.info/#/athlete/1843
TOBIAS,PLANGGER,TOBIAS PLANGGER,AUT • 2001,https://ifsc.results.info/#/athlete/1278
SEBASTIAN,LUCKE,SEBASTIAN LUCKE,GER • 2002,https://ifsc.results.info/#/athlete/11602
GIAN LUCA,ZODDA,GIAN LUCA ZODDA,ITA • 1999,https://ifsc.results.info/#/athlete/899
DANYIL,BOLDYREV,DANYIL BOLDYREV,GER • 1992,https://ifsc.results.info/#/athlete/12851
MERRITT,ERNSBERGER,MERRITT ERNSBERGER,USA • 1999,https://ifsc.results.info/#/athlete/1908
MARIUS,PAYET GABORIAUD,MARIUS PAYET GABORIAUD,FRA • 2005,https://ifsc.results.info/#/athlete/11737
JAN,KRIZ,JAN KRIZ,CZE • 1996,https://ifsc.results.info/#/athlete/1372
ZHANDOS,KALIBAY,ZHANDOS KALIBAY,KAZ • 2002,https://ifsc.results.info/#/athlete/14443
YANN,LE CLERCQ DE LANNOY,YANN LE CLERCQ DE LANNOY,FRA • 1999,https://ifsc.results.info/#/athlete/613
MILAD,ALIPOURSHENAZANDIFARD,MILAD ALIPOURSHENAZANDIFARD,IRI • 1999,https://ifsc.results.info/#/athlete/3551
YOUNG HYUN,KIM,YOUNG HYUN KIM,KOR • 1997,https://ifsc.results.info/#/athlete/2064
DYLAN,LE,DYLAN LE,CAN • 2005,https://ifsc.results.info/#/athlete/11854
DEEPU,MALLESH,DEEPU MALLESH,IND • 1998,https://ifsc.results.info/#/athlete/11702
MOTONORI,TABUCHI,MOTONORI TABUCHI,JPN • 2007,https://ifsc.results.info/#/athlete/14001
JULIAN,DAVID,JULIAN DAVID,NZL • 2005,https://ifsc.results.info/#/athlete/13915
ALESSANDRO,BOULOS,ALESSANDRO BOULOS,ITA • 1994,https://ifsc.results.info/#/athlete/6283
DONG JUN,KIM,DONG JUN KIM,KOR • 2006,https://ifsc.results.info/#/athlete/14468
DARREN,SKOLNIK,DARREN SKOLNIK,USA • 2002,https://ifsc.results.info/#/athlete/1936
ALFIAN,MUHAMMAD FAJRI,ALFIAN MUHAMMAD FAJRI,INA • 1997,https://ifsc.results.info/#/athlete/3270
MINSU,KANG,MINSU KANG,KOR • 2001,https://ifsc.results.info/#/athlete/11892
TAEUNG,MOON,TAEUNG MOON,KOR • 2001,https://ifsc.results.info/#/athlete/13155
QUINN,O'FRANCIA,QUINN O'FRANCIA,USA • 2004,https://ifsc.results.info/#/athlete/11886
VALENTIN,STERNIK,VALENTIN STERNIK,ARG • 2001,https://ifsc.results.info/#/athlete/3169
FLYNN,CHISHOLM,FLYNN CHISHOLM,NZL • 2005,https://ifsc.results.info/#/athlete/13914
DAMIR,TOKTAROV,DAMIR TOKTAROV,KAZ • 2007,https://ifsc.results.info/#/athlete/13060
JONGBIN,CHOI,JONGBIN CHOI,KOR • 1999,https://ifsc.results.info/#/athlete/2122
ADRIEN,LEVESQUE,ADRIEN LEVESQUE,CAN • 2005,https://ifsc.results.info/#/athlete/13932
GUILLAUME,MORO,GUILLAUME MORO,FRA • 1994,https://ifsc.results.info/#/athlete/474
CHEUK-NAM,WONG,CHEUK-NAM WONG,HKG • 2001,https://ifsc.results.info/#/athlete/2240
LIANG,ZHANG,LIANG ZHANG,CHN • 2003,https://ifsc.results.info/#/athlete/11409
REZA,ALIPOUR SHENAZANDIFARD,REZA ALIPOUR SHENAZANDIFARD,IRI • 1994,https://ifsc.results.info/#/athlete/3471
LONG,CAO,LONG CAO,CHN • 2000,https://ifsc.results.info/#/athlete/11414
LEANDER,CARMANNS,LEANDER CARMANNS,GER • 2004,https://ifsc.results.info/#/athlete/3115
ERIK,NOYA CARDONA,ERIK NOYA CARDONA,ESP • 1994,https://ifsc.results.info/#/athlete/11701
ETHAN,PITCHER,ETHAN PITCHER,CAN • 2001,https://ifsc.results.info/#/athlete/11893
ALEKSANDRA,MIROSLAW,ALEKSANDRA MIROSLAW,POL • 1994,https://ifsc.results.info/#/athlete/2848
NATALIA,KALUCKA,NATALIA KALUCKA,POL • 2001,https://ifsc.results.info/#/athlete/2879
DESAK,MADE RITA KUSUMA DEWI,DESAK MADE RITA KUSUMA DEWI,INA • 2001,https://ifsc.results.info/#/athlete/11357
ALEKSANDRA,KALUCKA,ALEKSANDRA KALUCKA,POL • 2001,https://ifsc.results.info/#/athlete/2878
LIJUAN,DENG,LIJUAN DENG,CHN • 2000,https://ifsc.results.info/#/athlete/3014
RAJIAH,SALLSABILLAH,RAJIAH SALLSABILLAH,INA • 1999,https://ifsc.results.info/#/athlete/3311
EMMA,HUNT,EMMA HUNT,USA • 2003,https://ifsc.results.info/#/athlete/1999
JIMIN,JEONG,JIMIN JEONG,KOR • 2004,https://ifsc.results.info/#/athlete/13154
DI,NIU,DI NIU,CHN • 1996,https://ifsc.results.info/#/athlete/2941
SHAOQIN,ZHANG,SHAOQIN ZHANG,CHN • 1999,https://ifsc.results.info/#/athlete/14415
ANNA,BROZEK,ANNA BROZEK,POL • 1995,https://ifsc.results.info/#/athlete/2855
GIULIA,RANDI,GIULIA RANDI,ITA • 2002,https://ifsc.results.info/#/athlete/966
CAPUCINE,VIGLIONE,CAPUCINE VIGLIONE,FRA • 2002,https://ifsc.results.info/#/athlete/569
YUJU,MU,YUJU MU,CHN • 2005,https://ifsc.results.info/#/athlete/13609
YAFEI,ZHOU,YAFEI ZHOU,CHN • 2004,https://ifsc.results.info/#/athlete/13611
ANDREA,ROJAS,ANDREA ROJAS,ECU • 1995,https://ifsc.results.info/#/athlete/3209
BEATRICE,COLLI,BEATRICE COLLI,ITA • 2004,https://ifsc.results.info/#/athlete/1024
NURUL,IQAMAH,NURUL IQAMAH,INA • 1995,https://ifsc.results.info/#/athlete/3290
MANON,LEBON,MANON LEBON,FRA • 2005,https://ifsc.results.info/#/athlete/11594
FRANZISKA,RITTER,FRANZISKA RITTER,GER • 2003,https://ifsc.results.info/#/athlete/3120
LISON,GAUTRON,LISON GAUTRON,FRA • 2002,https://ifsc.results.info/#/athlete/615
AI,TAKEUCHI,AI TAKEUCHI,JPN • 2005,https://ifsc.results.info/#/athlete/13436
TAMARA,ULZHABAYEVA,TAMARA ULZHABAYEVA,KAZ • 1987,https://ifsc.results.info/#/athlete/3357
KARIN,HAYASHI,KARIN HAYASHI,JPN • 2005,https://ifsc.results.info/#/athlete/13437
AURELIA,SARISSON,AURELIA SARISSON,FRA • 1997,https://ifsc.results.info/#/athlete/488
PIPER,KELLY,PIPER KELLY,USA • 1999,https://ifsc.results.info/#/athlete/1888
HEEJU,NOH,HEEJU NOH,KOR • 2004,https://ifsc.results.info/#/athlete/11360
FUMIKA,KAWAKAMI,FUMIKA KAWAKAMI,JPN • 2006,https://ifsc.results.info/#/athlete/13045
VICTOIRE,ANDRIER,VICTOIRE ANDRIER,FRA • 1996,https://ifsc.results.info/#/athlete/511
SOPHIA,CURCIO,SOPHIA CURCIO,USA • 2006,https://ifsc.results.info/#/athlete/13025
ASSEL,MARLENOVA,ASSEL MARLENOVA,KAZ • 1997,https://ifsc.results.info/#/athlete/3364
HANAREUM,SUNG,HANAREUM SUNG,KOR • 2005,https://ifsc.results.info/#/athlete/13158
CALLIE,CLOSE,CALLIE CLOSE,USA • 2004,https://ifsc.results.info/#/athlete/2000
HARUKA,KANETANI,HARUKA KANETANI,JPN • 2006,https://ifsc.results.info/#/athlete/14073
NATSUMI,HAYASHI,NATSUMI HAYASHI,JPN • 1991,https://ifsc.results.info/#/athlete/13438
SEOYEON,PARK,SEOYEON PARK,KOR • 2002,https://ifsc.results.info/#/athlete/2105
ANNA,BALARSHINA,ANNA BALARSHINA,KAZ • 2007,https://ifsc.results.info/#/athlete/13058
ABIGAIL,RUANO,ABIGAIL RUANO,ECU • 2005,https://ifsc.results.info/#/athlete/12006
SARAH,TETZLAFF,SARAH TETZLAFF,NZL • 2000,https://ifsc.results.info/#/athlete/3759
NAWOO,CHOI,NAWOO CHOI,KOR • 2002,https://ifsc.results.info/#/athlete/2082
GRACE,CROWLEY,GRACE CROWLEY,AUS • 2003,https://ifsc.results.info/#/athlete/11517
YENA,PI,YENA PI,KOR • 2002,https://ifsc.results.info/#/athlete/2110
SHIVPREET,PANNU,SHIVPREET PANNU,IND • 2000,https://ifsc.results.info/#/athlete/2648
YE JIN,JUNG,YE JIN JUNG,KOR • 2004,https://ifsc.results.info/#/athlete/14470
JORJA,RANGI,JORJA RANGI,NZL • 2002,https://ifsc.results.info/#/athlete/14049
ERICA,VELEV,ERICA VELEV,CAN • 2002,https://ifsc.results.info/#/athlete/2445
PATRYCJA,CHUDZIAK,PATRYCJA CHUDZIAK,POL • 1997,https://ifsc.results.info/#/athlete/2857
SHENGYAN,WANG,SHENGYAN WANG,CHN • 2000,https://ifsc.results.info/#/athlete/13606
MI,YANG,MI YANG,CHN • 2001,https://ifsc.results.info/#/athlete/12071
RAHARJATI,NURSAMSA,RAHARJATI NURSAMSA,INA • 2001,https://ifsc.results.info/#/athlete/13547
ZAINAL,ARIPIN,ZAINAL ARIPIN,INA • 1992,https://ifsc.results.info/#/athlete/11175
HINAYAH,MUHAMMAD,HINAYAH MUHAMMAD,INA • 1995,https://ifsc.results.info/#/athlete/3318
ADITYA,TRI SYAHRIA,ADITYA TRI SYAHRIA,INA • 2003,https://ifsc.results.info/#/athlete/14087
RAAMASKI,ASWIN KRISTANTO,RAAMASKI ASWIN KRISTANTO,INA • 2005,https://ifsc.results.info/#/athlete/14088
APHIWIT,LIMPANICHPAKDEE,APHIWIT LIMPANICHPAKDEE,THA • 2003,https://ifsc.results.info/#/athlete/3941
SABRI,SABRI,SABRI SABRI,INA • 1995,https://ifsc.results.info/#/athlete/3274
PIERRE,REBREYEND,PIERRE REBREYEND,FRA • 1997,https://ifsc.results.info/#/athlete/494
BEKNUR,ALTYNBEKOV,BEKNUR ALTYNBEKOV,KAZ • 2002,https://ifsc.results.info/#/athlete/3397
PANGERAN,SEPTO WIBOWO SIBURIAN,PANGERAN SEPTO WIBOWO SIBURIAN,INA • 1994,https://ifsc.results.info/#/athlete/3316
ALISHER,MURAT,ALISHER MURAT,KAZ • 1997,https://ifsc.results.info/#/athlete/10820
DAESEONG,KIM,DAESEONG KIM,KOR • 2000,https://ifsc.results.info/#/athlete/11981
MATVEY,YESSIPOV,MATVEY YESSIPOV,KAZ • 2003,https://ifsc.results.info/#/athlete/3410
HAYDEN,BARTON,HAYDEN BARTON,AUS • 2003,https://ifsc.results.info/#/athlete/13851
MOHD IZZAT,MOHD SHOKOR,MOHD IZZAT MOHD SHOKOR,MAS • 1992,https://ifsc.results.info/#/athlete/3348
JIT YI,DENZEL CHUA,JIT YI DENZEL CHUA,SGP • 2005,https://ifsc.results.info/#/athlete/11967
TAN,BING QIAN,TAN BING QIAN,SGP • 2001,https://ifsc.results.info/#/athlete/3683
TARIM,MEHMET ALİ,TARIM MEHMET ALİ,TUR • 2007,https://ifsc.results.info/#/athlete/13683
NARDA MUTIA,AMANDA,NARDA MUTIA AMANDA,INA • 2003,https://ifsc.results.info/#/athlete/11364
ALIVANY,VER KHADIJAH,ALIVANY VER KHADIJAH,INA • 2002,https://ifsc.results.info/#/athlete/3334
BERTHDIGNA DEVI SURYA,KUSUMA,BERTHDIGNA DEVI SURYA KUSUMA,INA • 1998,https://ifsc.results.info/#/athlete/3301
NURMA,ANJANI,NURMA ANJANI,INA • 2003,https://ifsc.results.info/#/athlete/14486
LIBERTY,RUNNELS,LIBERTY RUNNELS,USA • 2006,https://ifsc.results.info/#/athlete/13551
SUSAN,NURHIDAYAH,SUSAN NURHIDAYAH,INA • 2003,https://ifsc.results.info/#/athlete/13736
PUJA,LESTARI,PUJA LESTARI,INA • 2003,https://ifsc.results.info/#/athlete/13734
EKA,DIAN KRISMAWATI,EKA DIAN KRISMAWATI,INA • 2000,https://ifsc.results.info/#/athlete/14093
KOSTIANTYN,PAVLENKO,KOSTIANTYN PAVLENKO,UKR • 1998,https://ifsc.results.info/#/athlete/1492
RICHARD,LI,RICHARD LI,USA • 2006,https://ifsc.results.info/#/athlete/13033
KEVIN,AMON,KEVIN AMON,AUT • 2004,https://ifsc.results.info/#/athlete/13703
KAZUKI,TANII,KAZUKI TANII,JPN • 2006,https://ifsc.results.info/#/athlete/13999
GABRIEL,CANCEL,GABRIEL CANCEL,ECU • 2007,https://ifsc.results.info/#/athlete/13951
JOSHUA,BRUYNS,JOSHUA BRUYNS,RSA • 2003,https://ifsc.results.info/#/athlete/12310
EVAN,HOMAN,EVAN HOMAN,USA • 2006,https://ifsc.results.info/#/athlete/14557
JACK,WHITNEY,JACK WHITNEY,CAN • 2005,https://ifsc.results.info/#/athlete/13933
AIDAN,GODDARD,AIDAN GODDARD,USA • 1997,https://ifsc.results.info/#/athlete/13664
GINTA,UEGAKI,GINTA UEGAKI,JPN • 2007,https://ifsc.results.info/#/athlete/14009
ANDRÉS,ALENCASTER,ANDRÉS ALENCASTER,MEX • 2004,https://ifsc.results.info/#/athlete/13888
JOEY,KIM,JOEY KIM,USA • 2006,https://ifsc.results.info/#/athlete/14571
GIGA,JANKHOTELI,GIGA JANKHOTELI,GEO • 1993,https://ifsc.results.info/#/athlete/2456
GIORGI,JAPARIDZE,GIORGI JAPARIDZE,GEO • 1996,https://ifsc.results.info/#/athlete/2463
ISIS,ROTHFORK,ISIS ROTHFORK,USA • 2004,https://ifsc.results.info/#/athlete/14069
VALERIA,MACIAS FERREIRA,VALERIA MACIAS FERREIRA,MEX • 2001,https://ifsc.results.info/#/athlete/4221
KAILER,KORDEWICK,KAILER KORDEWICK,USA • 2007,https://ifsc.results.info/#/athlete/14056
SYDNEY,WILLIAMS,SYDNEY WILLIAMS,USA • 2006,https://ifsc.results.info/#/athlete/14568
MADELINE,MORRIS,MADELINE MORRIS,USA • 1997,https://ifsc.results.info/#/athlete/14569
MICAELA,PATAJO,MICAELA PATAJO,USA • 2007,https://ifsc.results.info/#/athlete/14570
YUJU,MOU,YUJU MOU,CHN • 2005,https://ifsc.results.info/#/athlete/13609
LUCA,ROBBIATI,LUCA ROBBIATI,ITA • 2003,https://ifsc.results.info/#/athlete/13353
MARCEAU,GARNIER,MARCEAU GARNIER,FRA • 2001,https://ifsc.results.info/#/athlete/612
LINUS,BADER,LINUS BADER,GER • 2002,https://ifsc.results.info/#/athlete/11603
GUSTAVO JOSE,PEREZ,GUSTAVO JOSE PEREZ,VEN • 2001,https://ifsc.results.info/#/athlete/3182
MIKOLAJ,WROBLEWSKI,MIKOLAJ WROBLEWSKI,POL • 1997,https://ifsc.results.info/#/athlete/8835
SHO,TAKENAKA,SHO TAKENAKA,JPN • 2003,https://ifsc.results.info/#/athlete/14726
DORIAN,ZEDLER,DORIAN ZEDLER,GER • 2002,https://ifsc.results.info/#/athlete/12743
LAWRENCE,BOGESCHDORFER,LAWRENCE BOGESCHDORFER,AUT • 2002,https://ifsc.results.info/#/athlete/1317
MATTHEW,FALL,MATTHEW FALL,GBR • 2002,https://ifsc.results.info/#/athlete/13806
TOMAS,CHICAIZA DAVILA,TOMAS CHICAIZA DAVILA,ECU • 2005,https://ifsc.results.info/#/athlete/12045
JOSE TOMAS,LEDESMA,JOSE TOMAS LEDESMA,CHI • 2004,https://ifsc.results.info/#/athlete/11857
CHAD,HORTON,CHAD HORTON,AUS • 1998,https://ifsc.results.info/#/athlete/14354
PEDRO,EGG,PEDRO EGG,BRA • 2001,https://ifsc.results.info/#/athlete/11881
AODHAN,UMLAUF,AODHAN UMLAUF,GER • 2007,https://ifsc.results.info/#/athlete/12742
CARLA,MARTÍNEZ VIDAL,CARLA MARTÍNEZ VIDAL,ESP • 2002,https://ifsc.results.info/#/athlete/13761
LESLIE ADRIANA,ROMERO PÉREZ,LESLIE ADRIANA ROMERO PÉREZ,ESP • 1998,https://ifsc.results.info/#/athlete/13373
SOFIA,BELLESINI,SOFIA BELLESINI,ITA • 2005,https://ifsc.results.info/#/athlete/11598
AGNESE,FIORIO,AGNESE FIORIO,ITA • 2006,https://ifsc.results.info/#/athlete/13342
NELE,THOMAS,NELE THOMAS,GER • 2007,https://ifsc.results.info/#/athlete/12741
MAHYA,DARABIAN,MAHYA DARABIAN,IRI • 2002,https://ifsc.results.info/#/athlete/3524
ABBY,GEBERT,ABBY GEBERT,NZL • 2004,https://ifsc.results.info/#/athlete/3772
CARMEN,CONTRERAS,CARMEN CONTRERAS,CHI • 2004,https://ifsc.results.info/#/athlete/3912
ANAHÍ,RIVEROS,ANAHÍ RIVEROS,CHI • 2004,https://ifsc.results.info/#/athlete/11825
HRYHORII,ILCHYSHYN,HRYHORII ILCHYSHYN,UKR • 2004,https://ifsc.results.info/#/athlete/1547
DENYS,MOZOLEVYCH,DENYS MOZOLEVYCH,UKR • 2005,https://ifsc.results.info/#/athlete/11738
MEHDI,ALIPOUR SHENAZANDIFARD,MEHDI ALIPOUR SHENAZANDIFARD,IRI • 1998,https://ifsc.results.info/#/athlete/3477
SIRAPOB,JIRAJATURAPAK,SIRAPOB JIRAJATURAPAK,THA • 2000,https://ifsc.results.info/#/athlete/3939
PAOLO,RIVADENEIRA,PAOLO RIVADENEIRA,ECU • 2004,https://ifsc.results.info/#/athlete/3242
HUBERT,PRZYTULA,HUBERT PRZYTULA,POL • 1993,https://ifsc.results.info/#/athlete/2853
VALERIY,SERDYUK,VALERIY SERDYUK,KAZ • 1999,https://ifsc.results.info/#/athlete/3390
SANGMIN,KIM,SANGMIN KIM,KOR • 1998,https://ifsc.results.info/#/athlete/2095
PETR,BURIAN,PETR BURIAN,CZE • 1991,https://ifsc.results.info/#/athlete/1393
AARON,MATTES,AARON MATTES,AUS • 2002,https://ifsc.results.info/#/athlete/11841
JOAQUIN,TAPIA,JOAQUIN TAPIA,CHI • 2003,https://ifsc.results.info/#/athlete/14887
OKSANA,BUROVA,OKSANA BUROVA,UKR • 2004,https://ifsc.results.info/#/athlete/11596
KSENIIA,HORIELOVA,KSENIIA HORIELOVA,UKR • 2007,https://ifsc.results.info/#/athlete/13052
ALINA,SHCHYHARIEVA,ALINA SHCHYHARIEVA,UKR • 2002,https://ifsc.results.info/#/athlete/11593
PRATTHANA,RAKSACHAT,PRATTHANA RAKSACHAT,THA • 1995,https://ifsc.results.info/#/athlete/3928
ARINA,KOZLOVA,ARINA KOZLOVA,KAZ • 2007,https://ifsc.results.info/#/athlete/13064
NICOLE,MEJIA,NICOLE MEJIA,ECU • 1997,https://ifsc.results.info/#/athlete/6359
JINGJIE,HUANG,JINGJIE HUANG,CHN • 2000,https://ifsc.results.info/#/athlete/13600
YU,LIN,YU LIN,CHN • 1998,https://ifsc.results.info/#/athlete/14121
YINGYI,WU,YINGYI WU,CHN • 2001,https://ifsc.results.info/#/athlete/15136
DINGFENG,ZHANG,DINGFENG ZHANG,CHN • 2001,https://ifsc.results.info/#/athlete/13604
YOUNGHYUN,KIM,YOUNGHYUN KIM,KOR • 1997,https://ifsc.results.info/#/athlete/2064
GANESH,BHUJEL,GANESH BHUJEL,IND • 1993,https://ifsc.results.info/#/athlete/11619
DHIRAJ DINKAR,BIRAJDAR,DHIRAJ DINKAR BIRAJDAR,IND • 1996,https://ifsc.results.info/#/athlete/14114
ZAHEER,AHMAD,ZAHEER AHMAD,PAK • 1992,https://ifsc.results.info/#/athlete/4336
MIR ABUZAR,FAIZ,MIR ABUZAR FAIZ,PAK • 2004,https://ifsc.results.info/#/athlete/15141
YUFANG,XIE,YUFANG XIE,CHN • 2002,https://ifsc.results.info/#/athlete/2995
GUIZHEN,XIE,GUIZHEN XIE,CHN • 1998,https://ifsc.results.info/#/athlete/7165
KAITLYN,BONE,KAITLYN BONE,USA • 2005,https://ifsc.results.info/#/athlete/14064
